<?xml version="1.0" encoding="UTF-8"?>
<GenRun Id="impl_1" LaunchPart="xc7a100tcsg324-1" LaunchTime="1494285967">
  <File Type="RUN-CONSTRS" Name="$PDATADIR/runs/impl_1/constrs_in.xml"/>
  <File Type="PWROPT-DCP" Name="Eight_Digit_BCD_teller_pwropt.dcp"/>
  <File Type="RUN-STRAT" Name="$PDATADIR/runs/impl_1/impl_1.psg"/>
  <File Type="OPT-DRC" Name="Eight_Digit_BCD_teller_drc_opted.rpt"/>
  <File Type="ROUTE-TIMING-PB" Name="Eight_Digit_BCD_teller_timing_summary_routed.pb"/>
  <File Type="PA-TCL" Name="Eight_Digit_BCD_teller.tcl"/>
  <File Type="OPT-DCP" Name="Eight_Digit_BCD_teller_opt.dcp"/>
  <File Type="PWROPT-DRC" Name="Eight_Digit_BCD_teller_drc_pwropted.rpt"/>
  <File Type="PLACE-DCP" Name="Eight_Digit_BCD_teller_placed.dcp"/>
  <File Type="PLACE-IO" Name="Eight_Digit_BCD_teller_io_placed.rpt"/>
  <File Type="PLACE-CLK" Name="Eight_Digit_BCD_teller_clock_utilization_placed.rpt"/>
  <File Type="PLACE-UTIL" Name="Eight_Digit_BCD_teller_utilization_placed.rpt"/>
  <File Type="PLACE-UTIL-PB" Name="Eight_Digit_BCD_teller_utilization_placed.pb"/>
  <File Type="PLACE-CTRL" Name="Eight_Digit_BCD_teller_control_sets_placed.rpt"/>
  <File Type="PLACE-SIMILARITY" Name="Eight_Digit_BCD_teller_incremental_reuse_placed.rpt"/>
  <File Type="PLACE-PRE-SIMILARITY" Name="Eight_Digit_BCD_teller_incremental_reuse_pre_placed.rpt"/>
  <File Type="POSTPLACE-PWROPT-DCP" Name="Eight_Digit_BCD_teller_postplace_pwropt.dcp"/>
  <File Type="PHYSOPT-DCP" Name="Eight_Digit_BCD_teller_physopt.dcp"/>
  <File Type="PHYSOPT-DRC" Name="Eight_Digit_BCD_teller_drc_physopted.rpt"/>
  <File Type="ROUTE-DCP" Name="Eight_Digit_BCD_teller_routed.dcp"/>
  <File Type="ROUTE-DRC" Name="Eight_Digit_BCD_teller_drc_routed.rpt"/>
  <File Type="ROUTE-DRC-PB" Name="Eight_Digit_BCD_teller_drc_routed.pb"/>
  <File Type="ROUTE-PWR" Name="Eight_Digit_BCD_teller_power_routed.rpt"/>
  <File Type="ROUTE-PWR-SUM" Name="Eight_Digit_BCD_teller_power_summary_routed.pb"/>
  <File Type="ROUTE-STATUS" Name="Eight_Digit_BCD_teller_route_status.rpt"/>
  <File Type="ROUTE-STATUS-PB" Name="Eight_Digit_BCD_teller_route_status.pb"/>
  <File Type="ROUTE-TIMINGSUMMARY" Name="Eight_Digit_BCD_teller_timing_summary_routed.rpt"/>
  <File Type="ROUTE-SIMILARITY" Name="Eight_Digit_BCD_teller_incremental_reuse_routed.rpt"/>
  <File Type="POSTROUTE-PHYSOPT-DCP" Name="Eight_Digit_BCD_teller_postroute_physopt.dcp"/>
  <File Type="POSTROUTE-PHYSOPT-TIMING" Name="Eight_Digit_BCD_teller_timing_summary_postroute_physopted.rpt"/>
  <File Type="RDI-RDI" Name="Eight_Digit_BCD_teller.vdi"/>
  <File Type="POSTROUTE-PHYSOPT-TIMING-PB" Name="Eight_Digit_BCD_teller_timing_summary_postroute_physopted.pb"/>
  <File Type="BG-BIT" Name="Eight_Digit_BCD_teller.bit"/>
  <File Type="BG-BIN" Name="Eight_Digit_BCD_teller.bin"/>
  <File Type="BITSTR-MSK" Name="Eight_Digit_BCD_teller.msk"/>
  <File Type="BITSTR-RBT" Name="Eight_Digit_BCD_teller.rbt"/>
  <File Type="BITSTR-NKY" Name="Eight_Digit_BCD_teller.nky"/>
  <File Type="BITSTR-BMM" Name="Eight_Digit_BCD_teller_bd.bmm"/>
  <File Type="BITSTR-MMI" Name="Eight_Digit_BCD_teller.mmi"/>
  <File Type="BITSTR-SYSDEF" Name="Eight_Digit_BCD_teller.sysdef"/>
  <File Type="BG-BGN" Name="Eight_Digit_BCD_teller.bgn"/>
  <File Type="BG-DRC" Name="Eight_Digit_BCD_teller.drc"/>
  <File Type="WBT-USG" Name="usage_statistics_webtalk.html"/>
  <FileSet Name="constrs_in" Type="Constrs" RelSrcDir="$PSRCDIR/constrs_1">
    <Filter Type="Constrs"/>
    <File Path="$PSRCDIR/constrs_1/imports/Downloads/Nexys4_Master.xdc">
      <FileInfo>
        <Attr Name="Library" Val="xil_defaultlib"/>
        <Attr Name="ImportPath" Val="C:/Users/jarvid.gruwe/Downloads/Nexys4_Master.xdc"/>
        <Attr Name="ImportTime" Val="1488957948"/>
        <Attr Name="UsedIn" Val="synthesis"/>
        <Attr Name="UsedIn" Val="implementation"/>
      </FileInfo>
    </File>
    <Config>
      <Option Name="TargetConstrsFile" Val="$PSRCDIR/constrs_1/imports/Downloads/Nexys4_Master.xdc"/>
      <Option Name="ConstrsType" Val="XDC"/>
    </Config>
  </FileSet>
  <Strategy Version="1" Minor="2">
    <StratHandle Name="Vivado Implementation Defaults" Flow="Vivado Implementation 2014"/>
    <Step Id="init_design"/>
    <Step Id="opt_design"/>
    <Step Id="power_opt_design"/>
    <Step Id="place_design"/>
    <Step Id="post_place_power_opt_design"/>
    <Step Id="phys_opt_design"/>
    <Step Id="route_design"/>
    <Step Id="post_route_phys_opt_design"/>
    <Step Id="write_bitstream"/>
  </Strategy>
</GenRun>
