<?xml version="1.0" encoding="UTF-8"?>
<GenRun Id="synth_1" LaunchPart="xc7a100tcsg324-1" LaunchTime="1493196431">
  <File Type="RDS-UTIL-PB" Name="Eight_Digit_BCD_teller_utilization_synth.pb"/>
  <File Type="RUN-CONSTRS" Name="$PDATADIR/runs/synth_1/constrs_in.xml"/>
  <File Type="RDS-UTIL" Name="Eight_Digit_BCD_teller_utilization_synth.rpt"/>
  <File Type="RUN-SRCS" Name="$PDATADIR/runs/synth_1/sources.xml"/>
  <File Type="RUN-STRAT" Name="$PDATADIR/runs/synth_1/synth_1.psg"/>
  <File Type="VDS-TIMINGSUMMARY" Name="Eight_Digit_BCD_teller_timing_summary_synth.rpt"/>
  <File Type="PA-TCL" Name="Eight_Digit_BCD_teller.tcl"/>
  <File Type="RDS-RDS" Name="Eight_Digit_BCD_teller.vds"/>
  <File Type="RDS-DCP" Name="Eight_Digit_BCD_teller.dcp"/>
  <File Type="VDS-TIMING-PB" Name="Eight_Digit_BCD_teller_timing_summary_synth.pb"/>
  <File Type="VDS-HWDEF" Name="Eight_Digit_BCD_teller.hwdef"/>
  <FileSet Name="sources" Type="DesignSrcs" RelSrcDir="$PSRCDIR/sources_1">
    <Filter Type="Srcs"/>
    <File Path="$PSRCDIR/sources_1/new/Teller.vhd">
      <FileInfo>
        <Attr Name="Library" Val="xil_defaultlib"/>
        <Attr Name="ImportPath" Val="$PPRDIR/../../_Project/8BCD_003integer/8BCD_003integer.srcs/sources_1/new/Teller.vhd"/>
        <Attr Name="ImportTime" Val="1492084397"/>
        <Attr Name="UsedIn" Val="synthesis"/>
        <Attr Name="UsedIn" Val="simulation"/>
      </FileInfo>
    </File>
    <File Path="$PSRCDIR/sources_1/new/Segment.vhd">
      <FileInfo>
        <Attr Name="Library" Val="xil_defaultlib"/>
        <Attr Name="ImportPath" Val="$PPRDIR/../../_Project/Project_8Digit_BCD_teller/Project_8Digit_BCD_teller.srcs/sources_1/new/Segment.vhd"/>
        <Attr Name="ImportTime" Val="1492009946"/>
        <Attr Name="UsedIn" Val="synthesis"/>
        <Attr Name="UsedIn" Val="simulation"/>
      </FileInfo>
    </File>
    <File Path="$PSRCDIR/sources_1/new/Scan_teller.vhd">
      <FileInfo>
        <Attr Name="Library" Val="xil_defaultlib"/>
        <Attr Name="ImportPath" Val="$PPRDIR/../../_Project/Project_8Digit_BCD_teller/Project_8Digit_BCD_teller.srcs/sources_1/new/Scan_teller.vhd"/>
        <Attr Name="ImportTime" Val="1492007765"/>
        <Attr Name="UsedIn" Val="synthesis"/>
        <Attr Name="UsedIn" Val="simulation"/>
      </FileInfo>
    </File>
    <File Path="$PSRCDIR/sources_1/new/MUX.vhd">
      <FileInfo>
        <Attr Name="Library" Val="xil_defaultlib"/>
        <Attr Name="ImportPath" Val="$PPRDIR/../../_Project/Project_8Digit_BCD_teller/Project_8Digit_BCD_teller.srcs/sources_1/new/MUX.vhd"/>
        <Attr Name="ImportTime" Val="1492008388"/>
        <Attr Name="UsedIn" Val="synthesis"/>
        <Attr Name="UsedIn" Val="simulation"/>
      </FileInfo>
    </File>
    <File Path="$PSRCDIR/sources_1/new/DEMUX.vhd">
      <FileInfo>
        <Attr Name="Library" Val="xil_defaultlib"/>
        <Attr Name="ImportPath" Val="$PPRDIR/../../_Project/Project_8Digit_BCD_teller/Project_8Digit_BCD_teller.srcs/sources_1/new/DEMUX.vhd"/>
        <Attr Name="ImportTime" Val="1492007064"/>
        <Attr Name="UsedIn" Val="synthesis"/>
        <Attr Name="UsedIn" Val="simulation"/>
      </FileInfo>
    </File>
    <File Path="$PSRCDIR/sources_1/new/8Digit_BCD_teller.vhd">
      <FileInfo>
        <Attr Name="Library" Val="xil_defaultlib"/>
        <Attr Name="ImportPath" Val="$PPRDIR/../../_Project/Project_8Digit_BCD_teller/Project_8Digit_BCD_teller.srcs/sources_1/new/8Digit_BCD_teller.vhd"/>
        <Attr Name="ImportTime" Val="1492025305"/>
        <Attr Name="UsedIn" Val="synthesis"/>
        <Attr Name="UsedIn" Val="simulation"/>
      </FileInfo>
    </File>
    <Config>
      <Option Name="DesignMode" Val="RTL"/>
      <Option Name="TopModule" Val="Eight_Digit_BCD_teller"/>
      <Option Name="TopAutoSet" Val="TRUE"/>
    </Config>
  </FileSet>
  <FileSet Name="constrs_in" Type="Constrs" RelSrcDir="$PSRCDIR/constrs_1">
    <Filter Type="Constrs"/>
    <File Path="$PSRCDIR/constrs_1/imports/Downloads/Nexys4_Master.xdc">
      <FileInfo>
        <Attr Name="Library" Val="xil_defaultlib"/>
        <Attr Name="ImportPath" Val="C:/Users/jarvid.gruwe/Downloads/Nexys4_Master.xdc"/>
        <Attr Name="ImportTime" Val="1488957948"/>
        <Attr Name="UsedIn" Val="synthesis"/>
        <Attr Name="UsedIn" Val="implementation"/>
      </FileInfo>
    </File>
    <Config>
      <Option Name="TargetConstrsFile" Val="$PSRCDIR/constrs_1/imports/Downloads/Nexys4_Master.xdc"/>
      <Option Name="ConstrsType" Val="XDC"/>
    </Config>
  </FileSet>
  <Strategy Version="1" Minor="2">
    <StratHandle Name="Vivado Synthesis Defaults" Flow="Vivado Synthesis 2014"/>
    <Step Id="synth_design"/>
  </Strategy>
</GenRun>
